{
  "Sum": {
    "compiletime": {
      "CanonicalizeConv": 9.999999974752427e-07,
      "CanonicalizeForTensorizer": 2.5999999706982635e-05,
      "Canonicalizer": 0.0001429999974789098,
      "HoistCompute": 3.000000106112566e-06,
      "IdentifyCrossPassTensors": 1.1000000085914508e-05,
      "MemcastMotion": 9.999999974752427e-07,
      "PenguinizeFunctions": 0.00010900000052060932,
      "PruneFunctions": 9.999999974752427e-07,
      "RemoveOptimizationBarriers": 7.000000096013537e-06,
      "ScatterMotion": 1.9999999949504854e-06,
      "TensorizerLegalizationPass": 0.000295000005280599,
      "VerifySupportedOps": 9.999999747378752e-06,
      "algsimp": 3.300000025774352e-05,
      "batchnorm_expander": 4.099999932805076e-05,
      "boundary-marker-removal": 9.000000318337698e-06,
      "call-inliner": 1.1000000085914508e-05,
      "canonicalize-boundary-marker": 2.9000000722589903e-05,
      "collective-stream-id-checker": 4.999999873689376e-06,
      "comparison-expander": 9.000000318337698e-06,
      "computation-deduplicator": 1.9999999949504854e-06,
      "conditional-to-select": 3.000000106112566e-06,
      "config-lowering": 1.8000000636675395e-05,
      "constant_folding": 1.1000000085914508e-05,
      "cse": 1.5999999959603883e-05,
      "dce": 1.9999999949504854e-06,
      "dynamic-slice-transpose": 7.000000096013537e-06,
      "eliminate-redundant-compare": 7.999999979801942e-06,
      "emit-offloaded-dropout": 2.300000051036477e-05,
      "flatten-call-graph": 1.1000000085914508e-05,
      "fuse-send-recv": 5.2999999752501026e-05,
      "hilo::LegalizeAlias": 0.00012700000661425292,
      "hilo::NeuronInstCombine": 3.9999998989515007e-05,
      "hilo::NeuronOpFusion": 7.000000096013537e-06,
      "hilo::ReplaceTokenTypeWithU8Pass": 4.999999873689376e-06,
      "hilo::ScheduleFusion": 9.999999974752427e-07,
      "hilo::SixtyFourHack": 1.4000000192027073e-05,
      "hilo::VerifyAliasing": 2.2000000171829015e-05,
      "hlo-mac-count": 5.700000110664405e-05,
      "hlo-verifier": 6.000000212225132e-06,
      "io-con-pipe-begin": 1.9999999949504854e-06,
      "io-con-pipe-end": 0.0,
      "io-layout-normalization": 4.400000034365803e-05,
      "legalize-ccops": 9.999999974752427e-07,
      "legalize-compare": 6.000000212225132e-06,
      "lower-argminmax-custom-call": 7.000000096013537e-06,
      "map-inline": 1.9999999494757503e-05,
      "metadata-naming": 3.300000025774352e-05,
      "mlir::detail::OpToOpPassAdaptor": 1.9999999949504854e-06,
      "mlir::hlo::MhloToPyPenguin": 0.002360000042244792,
      "mlir::mhlo::LowerComplexExtraPass": 7.599999662488699e-05,
      "mlir::mhlo::LowerComplexPass": 8.399999933317304e-05,
      "native-to-custom-softmax": 7.999999979801942e-06,
      "native-to-custom-softmax-dx": 9.999999747378752e-06,
      "operand_upcaster": 2.099999983329326e-05,
      "post-par-pipe-begin": 0.0,
      "post-par-pipe-end": 0.0,
      "post-partition-simplification": 0.0006910000229254365,
      "pre-hlo-begin": 0.0,
      "pre-hlo-end": 0.0,
      "replace-minimum-constant": 7.999999979801942e-06,
      "reshape-mover": 3.000000106112566e-06,
      "simplify-concat": 0.00011800000356743112,
      "simplify-while-loops": 3.000000106112566e-06,
      "transform-variadic-reduce": 1.9999999494757503e-05,
      "tuple-simplifier": 9.000000318337698e-06,
      "unpack-nested-aws-ntwsr": 7.999999979801942e-06,
      "unroll-while-loop": 0.0
    },
    "hilo": {
      "HloMacCount": 0,
      "Traffic": 6244583040
    }
  },
  "all": {
    "compiletime": {
      "CanonicalizeConv": 9.999999974752427e-07,
      "CanonicalizeForTensorizer": 2.5999999706982635e-05,
      "Canonicalizer": 0.0001429999974789098,
      "HoistCompute": 3.000000106112566e-06,
      "IdentifyCrossPassTensors": 1.1000000085914508e-05,
      "MemcastMotion": 9.999999974752427e-07,
      "PenguinizeFunctions": 0.00010900000052060932,
      "PruneFunctions": 9.999999974752427e-07,
      "RemoveOptimizationBarriers": 7.000000096013537e-06,
      "ScatterMotion": 1.9999999949504854e-06,
      "TensorizerLegalizationPass": 0.000295000005280599,
      "VerifySupportedOps": 9.999999747378752e-06,
      "algsimp": 3.300000025774352e-05,
      "batchnorm_expander": 4.099999932805076e-05,
      "boundary-marker-removal": 9.000000318337698e-06,
      "call-inliner": 1.1000000085914508e-05,
      "canonicalize-boundary-marker": 2.9000000722589903e-05,
      "collective-stream-id-checker": 4.999999873689376e-06,
      "comparison-expander": 9.000000318337698e-06,
      "computation-deduplicator": 1.9999999949504854e-06,
      "conditional-to-select": 3.000000106112566e-06,
      "config-lowering": 1.8000000636675395e-05,
      "constant_folding": 1.1000000085914508e-05,
      "cse": 1.5999999959603883e-05,
      "dce": 1.9999999949504854e-06,
      "dynamic-slice-transpose": 7.000000096013537e-06,
      "eliminate-redundant-compare": 7.999999979801942e-06,
      "emit-offloaded-dropout": 2.300000051036477e-05,
      "flatten-call-graph": 1.1000000085914508e-05,
      "fuse-send-recv": 5.2999999752501026e-05,
      "hilo::LegalizeAlias": 0.00012700000661425292,
      "hilo::NeuronInstCombine": 3.9999998989515007e-05,
      "hilo::NeuronOpFusion": 7.000000096013537e-06,
      "hilo::ReplaceTokenTypeWithU8Pass": 4.999999873689376e-06,
      "hilo::ScheduleFusion": 9.999999974752427e-07,
      "hilo::SixtyFourHack": 1.4000000192027073e-05,
      "hilo::VerifyAliasing": 2.2000000171829015e-05,
      "hlo-mac-count": 5.700000110664405e-05,
      "hlo-verifier": 6.000000212225132e-06,
      "io-con-pipe-begin": 1.9999999949504854e-06,
      "io-con-pipe-end": 0.0,
      "io-layout-normalization": 4.400000034365803e-05,
      "legalize-ccops": 9.999999974752427e-07,
      "legalize-compare": 6.000000212225132e-06,
      "lower-argminmax-custom-call": 7.000000096013537e-06,
      "map-inline": 1.9999999494757503e-05,
      "metadata-naming": 3.300000025774352e-05,
      "mlir::detail::OpToOpPassAdaptor": 1.9999999949504854e-06,
      "mlir::hlo::MhloToPyPenguin": 0.002360000042244792,
      "mlir::mhlo::LowerComplexExtraPass": 7.599999662488699e-05,
      "mlir::mhlo::LowerComplexPass": 8.399999933317304e-05,
      "native-to-custom-softmax": 7.999999979801942e-06,
      "native-to-custom-softmax-dx": 9.999999747378752e-06,
      "operand_upcaster": 2.099999983329326e-05,
      "post-par-pipe-begin": 0.0,
      "post-par-pipe-end": 0.0,
      "post-partition-simplification": 0.0006910000229254365,
      "pre-hlo-begin": 0.0,
      "pre-hlo-end": 0.0,
      "replace-minimum-constant": 7.999999979801942e-06,
      "reshape-mover": 3.000000106112566e-06,
      "simplify-concat": 0.00011800000356743112,
      "simplify-while-loops": 3.000000106112566e-06,
      "transform-variadic-reduce": 1.9999999494757503e-05,
      "tuple-simplifier": 9.000000318337698e-06,
      "unpack-nested-aws-ntwsr": 7.999999979801942e-06,
      "unroll-while-loop": 0.0
    }
  },
  "sg00": {
    "hilo": {
      "ArithmeticIntensity": 0.0,
      "HloMacCount": 0,
      "Traffic": 6244583040
    }
  }
}